{"cameraMode":{"drawMode":0,"name":"Shaded","section":"Shading Mode"},"sceneLighting":true,"audioPlay":false,"sceneViewState":{"m_AlwaysRefresh":false,"showFog":true,"showSkybox":true,"showFlares":true,"showImageEffects":true,"showParticleSystems":true,"showVisualEffectGraphs":true,"m_FxEnabled":true},"in2DMode":false,"pivot":{"x":3.6916019916534426,"y":1.7232475280761719,"z":1.944077491760254},"rotation":{"x":0.4620426297187805,"y":0.006646814290434122,"z":-0.0034636848140507938,"w":0.8868299722671509},"size":10.108540534973145,"orthographic":false}